not closer prob, Average messages delivered (percent)
0.0, 39.3520833333
0.05, 47.9942708333
0.1, 55.5260416667
0.15, 60.5822916667
0.2, 64.4192708333
0.25, 67.6526041667
0.3, 70.0125
0.35, 71.8171875
0.4, 73.0932291667
0.45, 73.9364583333
0.5, 74.6984375
0.55, 75.1322916667
0.6, 75.7427083333
0.65, 75.4130208333
0.7, 75.0645833333
0.75, 75.3526041667
0.8, 75.0916666667
0.85, 74.3375
0.9, 73.6286458333
0.95, 73.03125
1.0, 72.6953125
